All Of The Resi Games,GameCube
Eternal Darkness: Sanity'S Requiem,GameCube
Harvest Moon,GameCube
Ice Age 2,GameCube
Legend Of Zelda: Collectors Edition,GameCube
Legend Of Zelda: Wind Waker,GameCube
Luigis Mansion,GameCube
Mario Sunshine,GameCube
Metroid Prime,GameCube
Pikmin,GameCube
Pokemon XD: Gale Of Darkness,GameCube
Pokemone Coloseeum,GameCube
Sonic Heroes,GameCube
Soul Calibur,GameCube
Star Wars Rogue Leader,GameCube
Super Smash Bros,GameCube
Bakugan,DS
Boing Docomodake,DS
Castlevania,DS
Dementium,DS
Dq Games,DS
Elite Beat Agents,DS
Fire Emblem,DS
Ghost Trick,DS
Golden Sun,DS
Hot Wheels,DS
Hot Wheels,DS
Izuna,DS
Mario 64,DS
Mario Vs Donkey Kong,DS
Moon,DS
Orcs And Elves,DS
Pokemon Dash,DS
Pokemon Games,DS
Professor Layton Games,DS
Project Rub,DS
Rhythm Heaven,DS
Sonic Rush,DS
Sprung,DS
The Dark Spire,DS
The World Ends With You,DS
Time Hollow,DS
Track Mania,DS
Valkyrie Profile,DS
Wario Ware,DS
Ys,DS
Zelda Spirit Tracks,DS
Zelda: Phantom Hourglass,DS
Over The Hedge,DS
Ben 10,Wii
Donkey Kong Country Reurns,Wii
Epic Mickey,Wii
House Of The Dead,Wii
Kirby,Wii
Mario Galaxy,Wii
Mario Galaxy 2,Wii
Mario Kart,Wii
Mario Party,Wii
No More Heroes,Wii
Project Zero 2,Wii
Punch Out,Wii
Sonic Colours,Wii
Tatsunoko Vs Capcom,Wii
Wario Land,Wii
Xenoblade Chronicles,Wii
Zelda: Skyward Sword,Wii
Cities Skylines,Switch
Dragon Quest Builders,Switch
Links Awakening,Switch
Luigi'S Mansion 3,Switch
Ocotopath Traveler,Switch
Phoenix Wright,Switch
Pokã©Mon,Switch
Puyo Puyo Tetris,Switch
Super Mario Odyssey,Switch
Broken Sword 2,PlayStation
Castlevania: Symphony Of The Night,PlayStation
Driver,PlayStation
Gex,PlayStation
Klonoa(Good Luck Lmao),PlayStation
Medievil,PlayStation
Resi 1,PlayStation
Resi 2,PlayStation
Resi Survivor,PlayStation
Tekken,PlayStation
Tomb Raider 1 And 2 And 3,PlayStation
Tony Hawk'S Pro Skater 2,PlayStation
Vib Ribbon,PlayStation
 Deathtrap Dungeon,PlayStation
Charlie And The Chocolate Factory,PS2
Dragon Quest 8,PS2
Fatal Frame,PS2
Gitaroo Man Lives,PS2
Harry Potter Games,PS2
Narnia,PS2
Resi Outbreak,PS2
Resi Outbreak 2,PS2
Shrek Games,PS2
Zatura,PS2
Cat In The Hat,PS2
Atelier Games,PS3
Awakened Fate Ultimatum,PS3
Darkstalkers(Psn),PS3
Demon Souls,PS3
Eternal Sonata,PS3
Metal Gear Hd Collection,PS3
Odin Sphere Leifthrasir,PS3
Uncharted,PS3
Crash Bandicoot,PS4
Daymare 1998,PS4
Shantae,PS4
Beyond Good And Evil,Xbox
Crimson Skies,Xbox
Dead Or Alive Extreme Beach Volley Ball,Xbox
Fable,Xbox
Gta: San Andreas,Xbox
Halo,Xbox
Morrowind,Xbox
Ninja Gaiden,Xbox
Pancer Dragoon Ortap,Xbox
Prince Of Persia,Xbox
Psychonauts,Xbox
Roject Gotham Racing,Xbox
Time Splitters,Xbox
 Sudeki,Xbox
Blades Of Time,Xbox 360
 Outland/Fromdust/Beyond Good And Evil,Xbox 360
Akai Katana,Xbox 360
Alice: Madness Returns,Xbox 360
Bakugan,Xbox 360
Bayonetta,Xbox 360
Blazblue,Xbox 360
Blue Dragon,Xbox 360
Borderlands,Xbox 360
Dark Siders,Xbox 360
Dark Siders 2,Xbox 360
Dead Space,Xbox 360
Death Smiles,Xbox 360
Deus Ex,Xbox 360
Dishonored,Xbox 360
Fable 2 And 3,Xbox 360
Far Cry 3,Xbox 360
Magna Carta,Xbox 360
Marvel Vs Capcom,Xbox 360
Mass Effect 1-3,Xbox 360
Minecraft (If Cheap),Xbox 360
Perfect Dark (In Store),Xbox 360
Quantum Of Solace,Xbox 360
Red Dead,Xbox 360
Saints Row 1 And 2,Xbox 360
Star Wars Force Unleashed,Xbox 360
Xbox Live Arcade Compilation,Xbox 360
Halo Wars 2,xbone
Masterchief Collection,xbone
Rage,xbone
Rare Replay,xbone
Sea Of Thieves,xbone
